window,strike,close,resolved,traded,pnl,equity
1788643500,,79857.0696756757,,0,0.0,1000.0
1788643800,79856.53803801077,79849.6021899944,,1,-19.41,980.59
1788644100,79849.92776117205,79850.93271368,,1,2.94,983.53
1788644400,79867.91045652366,79921.50847792203,,1,-15.07,968.46
1788644700,79917.56924168223,79884.32986015048,,1,3.13,971.59
1788645000,79911.64263945799,79900.97769240737,,1,-17.88,953.71
1788645300,79900.66935913348,79911.12777221,,1,4.51,958.22
1788645600,79910.24152997912,79880.7825966557,,1,37.11,995.34
1788645900,79875.09832941,79864.2773707692,,1,7.46,1002.8
1788646200,79857.181111512,79927.08271785326,,0,0.0,1002.8
1788646500,79926.68635123945,79871.02009873845,,1,2.0,1004.8
1788646800,79869.89422690182,79848.21942126082,,1,1.72,1006.53
1788647100,79859.663446665,79787.17364950308,Down,1,-15.08,991.45
1788647400,79815.30645517446,79825.52499546634,Up,1,-20.13,971.33
1788647700,79822.98874901525,79806.39199744933,Down,1,-19.43,951.9
1788648000,79820.80625896475,79782.0889630642,,1,-53.02,953.51
1788648300,79778.46416090665,79783.8201106836,,1,2.95,956.46
1788648600,79791.8220174319,79808.90771953073,,0,0.0,956.46
1788648900,79807.60239161507,79794.17231312722,,1,15.32,971.78
1788649200,79790.92707338222,79760.64222800423,Down,1,-19.44,952.34
1788649500,79760.68922869569,79761.4374814193,,1,32.28,1004.06
1788649800,79760.9912680436,79761.91227988584,,1,0.57,1004.63
1788650100,79761.97106024905,79799.471,Up,1,-22.74,981.89
1788650400,79799.9794081161,79778.35155306128,Down,1,-20.25,961.65
1788650700,79778.1802133117,79805.87901055448,,1,-42.98,961.65
1788651000,79805.75335002411,79838.77858190963,Up,1,-18.12,943.53
1788651300,79841.39202255003,79782.55337198573,Down,1,-16.99,926.53
1788651600,79801.60420966925,79820.29877106607,,1,-35.11,926.53
1788651900,79822.56746889275,79847.58366538,,0,0.0,926.53
1788652200,79812.75301742277,79855.48185210026,,0,0.0,926.53
1788652500,79860.19148239227,79834.91911926886,,0,0.0,926.53
1788652800,79835.15397779776,79882.33286627801,,0,0.0,926.53
1788653100,79882.04077265096,79912.0181210995,,0,0.0,926.53
1788653400,79912.23729287951,79902.6997967756,,1,-16.1,910.43
1788653700,79911.30738411103,79906.74018529564,,1,-16.85,893.58
1788654000,79908.28973058713,79873.29061854148,Down,1,-16.4,877.18
1788654300,79873.86056958076,79934.25867383018,Up,1,-17.54,859.64
1788654600,79930.7399878348,79901.88977236167,,1,-33.95,859.64
1788654900,79902.0681894014,79878.64612566619,,0,0.0,859.64
1788655200,79906.81864481574,79885.50149992066,,0,0.0,859.64
1788655500,79879.8504997209,79884.04498155297,,0,0.0,859.64
1788655800,79883.82363836795,79886.23315558831,,0,0.0,859.64
1788656100,79885.8918503603,79873.00744315331,,0,0.0,859.64
1788656400,79872.15769757,79935.83119064,,0,0.0,859.64
1788656700,79942.836320185,79977.02111186575,,0,0.0,859.64
1788657000,79976.66424032328,79991.55826484374,,0,0.0,859.64
1788657300,79960.10984481205,79948.22864105881,,0,0.0,859.64
1788657600,79942.25192457567,79931.16906582493,,0,0.0,859.64
1788657900,79932.00934636327,79923.55059250722,,0,0.0,859.64
1788658200,79923.37951891612,79946.10188673307,,0,0.0,859.64
1788658500,79948.07019319599,80018.44766188588,,0,0.0,859.64
1788658800,80039.28959118447,79982.26805638002,,0,0.0,859.64
1788659100,79979.01161118902,79949.52850660344,,0,0.0,859.64
1788659400,79949.67475506714,79989.92055295441,,0,0.0,859.64
1788659700,79977.89298019951,79952.58275646223,,0,0.0,859.64
1788660000,79953.60085153938,79901.3726279254,,0,0.0,859.64
1788660300,79931.90633092145,79986.55708632611,,0,0.0,859.64
1788660600,79984.31870130451,80007.60902039066,,0,0.0,859.64
1788660900,80001.81751537483,79941.02661570942,,0,0.0,859.64
1788661200,79949.6527872621,79923.74045788607,,0,0.0,859.64
1788661500,79920.15966302252,79919.305745535,,0,0.0,859.64
1788661800,79916.82658391782,79941.94092295688,,0,0.0,859.64
1788662100,79942.0901420878,79920.52032135033,,0,0.0,859.64
1788662400,79935.6177306873,79883.64189877265,,0,0.0,859.64
1788662700,79884.211795005,79884.42457226483,,0,0.0,859.64
1788663000,79884.98615843878,79893.17481800678,,0,0.0,859.64
1788663300,79893.05059881613,79909.02184619509,,0,0.0,859.64
1788663600,79909.16503415519,79921.58810214922,,0,0.0,859.64
1788663900,79921.12946828915,79916.54329411814,,0,0.0,859.64
1788664200,79917.10063408405,79934.64863851051,,0,0.0,859.64
1788664500,79936.0432124076,79967.05815222219,,0,0.0,859.64
1788664800,79967.6791867882,79956.53833058402,,0,0.0,859.64
1788665100,79964.2538676428,79901.82929016554,,0,0.0,859.64
1788665400,79901.84152270653,79961.73439576541,,0,0.0,859.64
1788665700,79960.9326241385,80003.97005588,,0,0.0,859.64
1788666000,80002.61356201908,80107.61485169083,,0,0.0,859.64
1788666300,80107.57963477487,80013.8904211313,,0,0.0,859.64
1788666600,80012.43037545713,80050.85054022506,,0,0.0,859.64
1788666900,80051.33370583541,80032.06041887462,,0,0.0,859.64
1788667200,80032.28169972583,79996.21152159754,,0,0.0,859.64
1788667500,79995.47248947655,79975.11784194718,,0,0.0,859.64
1788667800,79975.44608087,79977.44886055081,,0,0.0,859.64
1788668100,79977.39038295818,79958.74936834135,,0,0.0,859.64
1788668400,79958.10327131189,79918.17228392715,,0,0.0,859.64
1788668700,79938.3008427386,79929.01181915902,,0,0.0,859.64
1788669000,79935.89413613877,79916.02082793099,,0,0.0,859.64
1788669300,79915.4132181702,79905.70901212492,,0,0.0,859.64
1788669600,79912.42520371641,79923.4077452022,,0,0.0,859.64
1788669900,79919.76617568,79922.70137097902,,0,0.0,859.64
1788670200,79919.74480301782,79869.95463504065,,0,0.0,859.64
1788670500,79913.28492237066,79868.746142645,,0,0.0,859.64
1788670800,79867.8989639873,79904.11979206688,,0,0.0,859.64
1788671100,79857.27138167,79871.43775513377,,0,0.0,859.64
1788671400,79859.86155780681,79812.50322455494,,0,0.0,859.64
1788671700,79812.11248799007,79818.91383740153,,0,0.0,859.64
1788672000,79801.45504828542,79851.66865247459,,0,0.0,859.64
1788672300,79850.35567388196,79852.00698576165,,0,0.0,859.64
1788672600,79850.82416603595,79918.50173497613,,0,0.0,859.64
1788672900,79924.71650089997,80028.82954203119,,0,0.0,859.64
1788673200,80088.66329683499,80025.82987536973,,0,0.0,859.64
1788673500,80026.11443941276,80002.18003063687,,0,0.0,859.64
1788673800,80001.93135498675,79993.97802366654,,0,0.0,859.64
1788674100,79993.59424950824,79984.64031928346,,0,0.0,859.64
1788674400,79990.33103846855,79962.13225660128,,0,0.0,859.64
1788674700,79962.03763722721,79942.82281749936,,0,0.0,859.64
1788675000,79942.84113323838,79929.50445028378,,0,0.0,859.64
1788675300,79927.92806629025,79913.38590548804,,0,0.0,859.64
1788675600,79913.6794145363,79842.34756633748,,0,0.0,859.64
1788675900,79849.00537397827,79837.45433671,,0,0.0,859.64
1788676200,79836.98699154891,79847.85108192803,,0,0.0,859.64
1788676500,79827.05420351798,79829.52099961285,,0,0.0,859.64
1788676800,79829.46841022199,79808.2708677967,,0,0.0,859.64
1788677100,79821.33471465296,79760.13656401355,,0,0.0,859.64
1788677400,79758.75638516784,79790.93162839561,,0,0.0,859.64
1788677700,79789.8247249982,79773.59595574245,,0,0.0,859.64
1788678000,79782.571227295,79794.6684634282,,0,0.0,859.64
1788678300,79795.86352704064,79758.54752435995,,0,0.0,859.64
1788678600,79759.03752529398,79659.94322878,,0,0.0,859.64
1788678900,79681.86290834,79804.75749030738,,0,0.0,859.64
1788679200,79810.56970308654,79790.7258433614,,0,0.0,859.64
1788679500,79785.37028569695,79847.2590121278,,0,0.0,859.64
1788679800,79829.65653410055,79819.56943083779,,0,0.0,859.64
1788680100,79823.90253016903,79812.74564278105,,0,0.0,859.64
1788680400,79828.52914472934,79850.34373557648,,0,0.0,859.64
1788680700,79849.25646903896,79846.02921246293,,0,0.0,859.64
1788681000,79847.3813724905,79825.1461504681,,0,0.0,859.64
1788681300,79822.8828049469,79846.6945474287,,0,0.0,859.64
1788681600,79814.34064846438,79838.93377216852,,0,0.0,859.64
1788681900,79853.45899684957,79887.35033107163,,0,0.0,859.64
1788682200,79880.01289210538,79873.4445257416,,0,0.0,859.64
1788682500,79874.29152080513,79838.79900385416,,0,0.0,859.64
1788682800,79837.14588181091,79817.11185483573,,0,0.0,859.64
1788683100,79818.80036183547,79806.6026998937,,0,0.0,859.64
1788683400,79807.47986002998,79800.56187891871,,0,0.0,859.64
1788683700,79798.95524548698,79797.32824470705,,0,0.0,859.64
1788684000,79795.55978075563,79785.91857070883,,0,0.0,859.64
1788684300,79784.69866598693,79762.88842618716,,0,0.0,859.64
1788684600,79776.47199763492,79852.39394353499,,0,0.0,859.64
1788684900,79853.987666584,79842.17497570433,,0,0.0,859.64
1788685200,79841.89181004824,79874.29278198,,0,0.0,859.64
1788685500,79873.64334449502,79866.84597961,,0,0.0,859.64
1788685800,79876.5051291292,79919.50601990246,,0,0.0,859.64
1788686100,79930.98302231207,79944.3426104966,,0,0.0,859.64
1788686400,79933.66855275966,79969.08928350061,,0,0.0,859.64
1788686700,79970.93094874825,79992.70195892957,,0,0.0,859.64
1788687000,79990.30269347741,79975.2304210084,,0,0.0,859.64
1788687300,79975.20579160034,79915.66453376297,,0,0.0,859.64
1788687600,79915.86149702659,79862.65926578653,,0,0.0,859.64
1788687900,79862.74281918803,79861.70041986059,,0,0.0,859.64
1788688200,79862.57375926,79865.49884368938,,0,0.0,859.64
1788688500,79865.54002763549,79889.32443282194,,0,0.0,859.64
1788688800,79889.56706908865,79920.99795202,,0,0.0,859.64
1788689100,79920.82787673599,79925.00506864,,0,0.0,859.64
1788689400,79924.60797925237,79925.12796807621,,0,0.0,859.64
1788689700,79925.01793242,79980.23193435348,,0,0.0,859.64
1788690000,79979.78800946861,79974.19651277788,,0,0.0,859.64
1788690300,79974.44177322749,79981.7633099817,,0,0.0,859.64
1788690600,79977.49302213863,79985.58748642102,,0,0.0,859.64
1788690900,79984.89612206734,79971.35036431,,0,0.0,859.64
1788691200,79972.16587247663,80017.1515999397,,0,0.0,859.64
1788691500,80016.7209873522,79990.63354708927,,0,0.0,859.64
1788691800,79990.81963149969,80007.23349471555,,0,0.0,859.64
1788692100,80006.61195081905,80003.70678075321,,0,0.0,859.64
1788692400,80004.03105677693,79986.83418773544,,0,0.0,859.64
1788692700,79976.73767201824,79950.49310385968,,0,0.0,859.64
1788693000,79947.54003175288,79981.69791004097,,0,0.0,859.64
1788693300,79982.46456437235,79969.25111865,,0,0.0,859.64
1788693600,79972.94262119259,79942.49424338323,,0,0.0,859.64
1788693900,79941.91508716483,79931.36593120468,,0,0.0,859.64
1788694200,79907.85189102334,79959.82934459,,0,0.0,859.64
1788694500,79973.4485722884,79914.7980712691,,0,0.0,859.64
1788694800,79914.67699207139,79956.78361270422,,0,0.0,859.64
1788695100,79958.79553357408,79960.58842189565,,0,0.0,859.64
1788695400,79955.45746133754,79921.89858264256,,0,0.0,859.64
1788695700,79920.81626633312,79920.23783200428,,0,0.0,859.64
1788696000,79921.79393649471,79919.03450045976,,0,0.0,859.64
1788696300,79917.81150081268,79893.91929701,,0,0.0,859.64
1788696600,79896.525468265,79932.63151175133,,0,0.0,859.64
1788696900,79933.25277477829,79962.5044614645,,0,0.0,859.64
1788697200,79960.99257328185,79994.12735105943,,0,0.0,859.64
1788697500,79994.83622683515,79972.31718620047,,0,0.0,859.64
1788697800,79972.80744308137,79999.1795704041,,0,0.0,859.64
1788698100,79997.93985094356,79985.155155455,,0,0.0,859.64
1788698400,79985.92300652798,79936.50635919,,0,0.0,859.64
1788698700,79937.75589715104,79923.467311925,,0,0.0,859.64
1788699000,79929.34632129686,79972.72179854229,,0,0.0,859.64
1788699300,79977.0338507468,79928.28953085818,,0,0.0,859.64
1788699600,79921.7783662,79942.55527372,,0,0.0,859.64
1788699900,79941.2469025845,79939.177957395,,0,0.0,859.64
1788700200,79937.45652385,79890.500314065,,0,0.0,859.64
1788700500,79890.11392219,79843.8163555959,,0,0.0,859.64
1788700800,79838.757579695,79834.54147008473,,0,0.0,859.64
1788701100,79822.394688885,79808.97509343525,,0,0.0,859.64
1788701400,79798.43920317285,79773.65588388,,0,0.0,859.64
1788701700,79773.32061490917,79833.65384383037,,0,0.0,859.64
1788702000,79815.56555680539,79794.41273763457,,0,0.0,859.64
1788702300,79794.48904584281,79836.418284945,,0,0.0,859.64
1788702600,79816.32154142403,79811.75036974606,,0,0.0,859.64
1788702900,79811.64400386559,79826.7345391492,,0,0.0,859.64
1788703200,79826.7411568776,79829.6055703917,,0,0.0,859.64
1788703500,79829.36981837,79768.40501142801,,0,0.0,859.64
1788703800,79766.63655916858,79746.84709700146,,0,0.0,859.64
1788704100,79746.80022194334,79745.81045915672,,0,0.0,859.64
1788704400,79744.16438269503,79640.88026331,,0,0.0,859.64
1788704700,79640.76971283923,79668.1227884015,,0,0.0,859.64
1788705000,79667.44796241171,79550.39846538,,0,0.0,859.64
1788705300,79552.06494562389,79668.43321800954,,0,0.0,859.64
1788705600,79664.93769648572,79715.59013944525,,0,0.0,859.64
1788705900,79712.89911600806,79654.5499834,,0,0.0,859.64
1788706200,79655.95630134236,79684.20922322856,,0,0.0,859.64
1788706500,79683.96482641799,79542.72765072965,,0,0.0,859.64
1788706800,79542.80232576751,79521.47685866288,,0,0.0,859.64
1788707100,79524.84942681379,79510.07512799557,,0,0.0,859.64
1788707400,79514.72609817352,79537.15493617748,,0,0.0,859.64
1788707700,79538.19095061615,79599.40130066233,,0,0.0,859.64
1788708000,79598.81359541496,79643.43373965217,,0,0.0,859.64
1788708300,79641.53234692835,79626.77314788743,,0,0.0,859.64
1788708600,79633.3375069117,79634.30457497646,,0,0.0,859.64
1788708900,79634.71230020556,79688.882782395,,0,0.0,859.64
1788709200,79689.625168105,79686.031160215,,0,0.0,859.64
1788709500,79689.36609687531,79695.34396711868,,0,0.0,859.64
1788709800,79695.24796085696,79659.5225919071,,0,0.0,859.64
1788710100,79658.40444019498,79710.75098100967,,0,0.0,859.64
1788710400,79710.19205856576,79622.35847684885,,0,0.0,859.64
1788710700,79603.41104251998,79624.94846422,,0,0.0,859.64
1788711000,79624.22224795463,79705.3944364601,,0,0.0,859.64
1788711300,79694.41637071202,79707.20946023654,,0,0.0,859.64
1788711600,79707.42578024205,79651.74867654277,,0,0.0,859.64
1788711900,79651.55074688084,79701.893155775,,0,0.0,859.64
1788712200,79708.95355861785,79762.72734882367,,0,0.0,859.64
1788712500,79764.80706611591,79715.91536116613,,0,0.0,859.64
1788712800,79717.4455184,79720.69996035728,,0,0.0,859.64
1788713100,79716.8833354559,79689.98555518918,,0,0.0,859.64
1788713400,79689.86938077485,79702.91760933644,,0,0.0,859.64
1788713700,79687.19305101704,79678.83434574609,,0,0.0,859.64
1788714000,79678.8310187125,79637.99761093798,,0,0.0,859.64
1788714300,79646.32267751881,79584.98484259575,,0,0.0,859.64
1788714600,79585.10902447582,79624.82363319726,,0,0.0,859.64
1788714900,79624.5775073786,79700.36776222628,,0,0.0,859.64
1788715200,79722.31220243739,79732.39468183587,,0,0.0,859.64
1788715500,79723.46668066,79688.90869495932,,0,0.0,859.64
1788715800,79690.58211047713,79713.47041551782,,0,0.0,859.64
1788716100,79707.8146803521,79740.7450832881,,0,0.0,859.64
1788716400,79744.16291456482,79745.90843350261,,0,0.0,859.64
1788716700,79745.25111242343,79726.42980465961,,0,0.0,859.64
1788717000,79733.33895455298,79739.77427967,,0,0.0,859.64
1788717300,79739.19695520391,79734.39704757248,,0,0.0,859.64
1788717600,79734.30394801,79774.50816355195,,0,0.0,859.64
1788717900,79775.35416000162,79828.15618973738,,0,0.0,859.64
1788718200,79828.32629552534,79855.05004279692,,0,0.0,859.64
1788718500,79842.1453782016,79856.57800439018,,0,0.0,859.64
1788718800,79854.77565099,79888.08754959713,,0,0.0,859.64
1788719100,79888.62522509773,79913.00890130288,,0,0.0,859.64
1788719400,79912.89805892465,79922.00224254165,,0,0.0,859.64
1788719700,79927.376978495,79948.34112647343,,0,0.0,859.64
1788720000,79944.38263592604,79934.80799334518,,0,0.0,859.64
1788720300,79934.84572405308,79919.65622032013,,0,0.0,859.64
1788720600,79919.95487274561,79915.47770369229,,0,0.0,859.64
1788720900,79918.75715602071,79950.02523857079,,0,0.0,859.64
1788721200,79946.31567687257,79897.68393317895,,0,0.0,859.64
1788721500,79896.578227825,79869.168979225,,0,0.0,859.64
1788721800,79870.17419482207,79861.61773063343,,0,0.0,859.64
1788722100,79861.68965297447,79852.67993261611,,0,0.0,859.64
1788722400,79851.19713917539,79850.54016034935,,0,0.0,859.64
1788722700,79854.951909275,79845.49959791446,,0,0.0,859.64
1788723000,79844.29346915786,79826.73395927114,,0,0.0,859.64
1788723300,79826.52567488198,79809.61660695355,,0,0.0,859.64
1788723600,79807.96177039645,79802.00033140925,,0,0.0,859.64
1788723900,79802.57240568897,79808.17587688117,,0,0.0,859.64
1788724200,79809.802151535,79810.63668036993,,0,0.0,859.64
1788724500,79810.26914255,79820.20470297198,,0,0.0,859.64
1788724800,79827.981176285,79812.8038306356,,0,0.0,859.64
1788725100,79796.45616002771,79776.68312223948,,0,0.0,859.64
1788725400,79777.74724773216,79806.49729933123,,0,0.0,859.64
1788725700,79806.72186095787,79815.96169072985,,0,0.0,859.64
1788726000,79835.68677474835,79936.12753679612,,0,0.0,859.64
1788726300,79921.41398204629,79931.43644038084,,0,0.0,859.64
1788726600,79931.69359585854,79948.00768990499,,0,0.0,859.64
1788726900,79947.9212817684,79937.46028292691,,0,0.0,859.64
1788727200,79937.95286382,79949.8697157075,,0,0.0,859.64
1788727500,79949.89084244963,79926.6688421323,,0,0.0,859.64
1788727800,79927.97662141762,79901.85894572109,,0,0.0,859.64
1788728100,79901.21895983578,79895.8943029803,,0,0.0,859.64
1788728400,79909.09892009,79966.11764036876,,0,0.0,859.64
